"Order ID","Order Date","Buyer","Base Currency","Shipping","Insurance","Add Chrg 1","Add Chrg 2","Credit","Coupon Credit","Order Total","Tax","Base Grand Total","Total Lots","Total Items","Order Status","Order Status Changed","Pmt In","Pmt Method","Order Note","Tracking No","Location"

"19409677","6/18/2022","davidmay1225","USD","$4.35","","","","","","$4.31","$0.61","$9.27","3","5","Paid","6/18/2022","USD","PayPal (Onsite)","","","USA, Ohio",
"19402601","6/17/2022","Brickster203","USD","$4.35","","","","","","$6.51","$0.48","$11.34","1","1","Shipped","6/17/2022","USD","PayPal (Onsite)","","","USA, Arizona",
"19384556","6/15/2022","Jaketief","USD","$4.85","","","","","","$25.56","$0.00","$30.41","23","85","Shipped","6/15/2022","USD","PayPal (Onsite)","","","USA, North Dakota",
"19384122","6/14/2022","TheRedClover","USD","$4.35","","","","","","$17.70","$2.09","$24.14","17","20","Shipped","6/15/2022","USD","PayPal (Onsite)","","","USA, Tennessee",
"19377494","6/14/2022","dmcclain.wood","USD","$4.35","","","","","","$14.66","$1.05","$20.06","14","21","Shipped","6/14/2022","USD","PayPal (Onsite)","","","USA, Wisconsin",
"19372508","6/13/2022","stephenmurrayfl","USD","$4.35","","","","","","$6.81","$0.78","$11.94","7","12","Shipped","6/13/2022","USD","PayPal (Onsite)","","","USA, Florida",
"19355780","6/11/2022","Sploogin","USD","$4.35","","","","","","$7.77","$0.85","$12.97","1","1","Shipped","6/11/2022","USD","PayPal (Onsite)","","","USA, Georgia",
"19339483","6/8/2022","tdoggel","USD","$4.35","","","","","","$17.42","$1.31","$23.08","4","4","Completed","6/13/2022","USD","PayPal (Onsite)","","","USA, Michigan",
"19331922","6/7/2022","therealbs","USD","$4.35","","","","","","$2.42","$0.18","$6.95","1","1","Shipped","6/7/2022","USD","PayPal (Onsite)","","","USA, Utah",
"19304929","6/4/2022","bobhamell","USD","$4.35","","","","","","$24.28","$1.29","$29.92","8","16","Shipped","6/4/2022","USD","PayPal (Onsite)","","","USA, Virginia",
"19302825","6/3/2022","Thebookgeek","USD","$4.35","","","","","","$1.14","$0.33","$5.82","1","1","Shipped","6/4/2022","USD","PayPal (Onsite)","","","USA, Michigan",
"19295588","6/2/2022","broken_duck","USD","$4.35","","","","","","$1.17","$0.39","$5.91","1","1","Received","6/8/2022","USD","PayPal (Onsite)","","","USA, Indiana",
"19289001","6/2/2022","Barb1919","USD","$4.35","","","","","","$26.92","$2.62","$33.89","15","34","Received","6/11/2022","USD","PayPal (Onsite)","","","USA, California",
"19287786","6/1/2022","MCMAIN1053","USD","$17.85","","","","","","$137.33","$11.25","$166.43","29","1276","Completed","6/10/2022","USD","PayPal (Onsite)","","","USA, North Carolina",
"19285249","6/1/2022","jcsteine","USD","$4.35","","","","","","$27.28","$1.64","$33.27","1","31","Completed","6/6/2022","USD","PayPal (Onsite)","","","USA, Maryland",
"19281599","6/1/2022","kennyyip65","USD","$4.35","","","","","","$2.55","$0.22","$7.12","5","5","Completed","6/7/2022","USD","PayPal (Onsite)","","","USA, California",
"19260151","5/29/2022","stephf","USD","$5.35","","","","","","$21.12","$2.28","$28.75","1","132","Shipped","5/31/2022","USD","PayPal (Onsite)","","","USA, New York",
"19256230","5/28/2022","bordierfamily","USD","$4.35","","","","","","$13.39","$1.46","$19.20","2","2","Shipped","5/31/2022","USD","PayPal (Onsite)","","","USA, Texas",
"19255649","5/28/2022","jopjop711","USD","$4.35","","","","","","$4.00","$0.00","$8.35","2","2","Completed","6/4/2022","USD","PayPal (Onsite)","","","USA, Oregon",
"19255596","5/28/2022","lizstav98","USD","$4.35","","","","","","$3.87","$0.51","$8.73","5","5","Shipped","5/31/2022","USD","PayPal (Onsite)","","","USA, Illinois",
"19250255","5/27/2022","Quinlant","USD","$4.35","","","","","","$19.07","$1.41","$24.83","6","16","Completed","6/4/2022","USD","PayPal (Onsite)","","","USA, Michigan",
"19242287","5/26/2022","Daviduh","USD","$4.35","","","","","","$5.05","$0.57","$9.97","5","5","Completed","6/7/2022","USD","PayPal (Onsite)","","","USA, Pennsylvania",
"19241208","5/26/2022","CrazyWarrior","USD","$4.35","","","","","","$10.00","$1.18","$15.53","8","10","Shipped","5/26/2022","USD","PayPal (Onsite)","","","USA, Texas",
"19238869","5/26/2022","SuzyStep","USD","$4.35","","","","","","$4.13","$0.30","$8.78","6","6","Completed","5/31/2022","USD","PayPal (Onsite)","","","USA, Utah",
"19235204","5/25/2022","DCMDame","USD","$4.35","","","","","","$30.80","$2.81","$37.96","8","17","Completed","6/4/2022","USD","PayPal (Onsite)","","","USA, New York",
"19234298","5/25/2022","Jagudelo","USD","$4.35","","","","","","$29.78","$2.26","$36.39","11","19","Completed","6/2/2022","USD","PayPal (Onsite)","","","USA, New Jersey",
"19228461","5/25/2022","Boeing981","USD","$12.95","","","","","","$54.69","$3.29","$70.93","18","420","Completed","5/30/2022","USD","PayPal (Onsite)","","","USA, Maryland",
"19227225","5/24/2022","shelfboy","USD","$4.35","","","","","","$12.05","$0.00","$16.40","2","2","Shipped","5/25/2022","USD","PayPal (Onsite)","","","USA, Oregon",
"19223635","5/24/2022","Ediaz179","USD","$4.85","","","","","","$75.09","$7.09","$87.03","11","64","Completed","5/27/2022","USD","PayPal (Onsite)","","","USA, New York",
"19216337","5/23/2022","skeenan96","USD","$9.15","","$0.75","","","","$24.13","$2.04","$36.07","3","7","Completed","5/28/2022","USD","PayPal (Onsite)","","","USA, Pennsylvania",
"19216047","5/23/2022","ncolombari","USD","$4.35","","","","","","$33.20","$2.32","$39.87","12","15","Shipped","5/24/2022","USD","PayPal (Onsite)","","","USA, Iowa",
"19211857","5/22/2022","hankdelsi","USD","$4.35","","","","","","$18.84","$1.54","$24.73","3","4","Shipped","5/23/2022","USD","PayPal (Onsite)","","","USA, New Jersey",
"19203445","5/21/2022","bizzeemom3","USD","$4.35","","","","","","$8.22","$0.64","$13.21","5","6","Completed","5/29/2022","USD","PayPal (Onsite)","","","USA, California",
"19194864","5/20/2022","DDM015","USD","$4.35","","","","","","$22.14","$1.85","$28.34","2","2","Completed","5/23/2022","USD","PayPal (Onsite)","","","USA, Florida",
"19191895","5/20/2022","mdittel","USD","$9.15","","$0.50","","","","$122.86","$0.00","$132.51","39","335","Completed","6/16/2022","USD","PayPal (Onsite)","","","USA, Florida",
"19191100","5/19/2022","Mirage_block22","USD","$13.50","","","","","","$35.55","$0.00","$49.05","13","25","Completed","6/6/2022","USD","PayPal (Onsite)","","","Canada, Ontario",
"19184301","5/19/2022","rhewtani","USD","$4.35","","","","","","$5.43","$0.59","$10.37","7","68","Shipped","5/19/2022","USD","PayPal (Onsite)","","","USA, Pennsylvania",
"19183322","5/18/2022","loppyllama","USD","$4.35","","","","","","$3.91","$0.58","$8.84","2","3","Completed","5/22/2022","USD","PayPal (Onsite)","","","USA, Nebraska",
"19180243","5/18/2022","robertw1701","USD","$4.35","","","","","","$20.57","$1.70","$26.62","7","14","Completed","5/21/2022","USD","PayPal (Onsite)","","","USA, California",
"19178862","5/18/2022","edljr319","USD","$4.35","","","","","","$44.69","$4.78","$53.82","10","28","Completed","5/23/2022","USD","PayPal (Onsite)","","","USA, Tennessee",
"19171159","5/17/2022","jmb1983","USD","$4.35","","","","","","$5.41","$0.78","$10.54","4","6","Shipped","5/17/2022","USD","PayPal (Onsite)","","","USA, South Carolina",
"19168269","5/16/2022","TBC2002","USD","$4.35","","$2.00","","","","$0.95","$0.18","$7.48","2","4","Completed","5/21/2022","USD","PayPal (Onsite)","","","USA, Virginia",
"19163765","5/16/2022","CHARLIEDAVIDSON","USD","$4.35","","","","","","$2.64","$0.47","$7.46","1","2","Received","5/21/2022","USD","PayPal (Onsite)","","","USA, North Carolina",
"19152284","5/14/2022","charlesmc","USD","$4.35","","","","","","$49.36","$3.76","$57.47","36","52","Completed","5/29/2022","USD","PayPal (Onsite)","","","USA, Florida",
"19151292","5/14/2022","PlatinumBricks","USD","$4.35","","","","","","$17.93","$1.54","$23.82","6","6","Completed","5/21/2022","USD","PayPal (Onsite)","","","USA, Colorado",
"19142043","5/13/2022","merlinalexander","USD","$4.35","","","","","","$15.96","$1.68","$21.99","3","3","Completed","5/17/2022","USD","PayPal (Onsite)","","","USA, Texas",
"19137829","5/12/2022","48v4stepansk","USD","$4.35","","","","","","$7.15","$0.58","$12.08","2","2","Completed","5/17/2022","USD","PayPal (Onsite)","","","USA, Wisconsin",
"19133473","5/12/2022","NonpiousNun","USD","$4.35","","","","","","$13.83","$1.62","$19.80","1","1","Completed","5/17/2022","USD","PayPal (Onsite)","","","USA, Washington",
"19133119","5/12/2022","Billiam155","USD","$4.35","","","","","","$2.65","$0.56","$7.56","1","1","Completed","5/17/2022","USD","PayPal (Onsite)","","","USA, New York",
"19131401","5/12/2022","Stealthsaber","USD","$4.35","","","","","","$3.82","$0.30","$8.47","1","1","Completed","5/16/2022","USD","PayPal (Onsite)","","","USA, Arizona",
"19122626","5/10/2022","llarson1","USD","$4.35","","","","","","$18.83","$1.13","$24.31","10","18","Completed","5/14/2022","USD","PayPal (Onsite)","","","USA, Maryland",
"19121964","5/10/2022","darthjackmove","USD","$4.35","","","","","","$13.85","$1.07","$19.27","4","15","Completed","5/21/2022","USD","PayPal (Onsite)","","","USA, California",
"19120701","5/10/2022","Breaker126","USD","$4.35","","","","","","$28.20","$2.85","$35.40","2","2","Shipped","5/10/2022","USD","PayPal (Onsite)","","","USA, New York",
"19118648","5/10/2022","BrickCollector5","USD","$4.35","","","","","","$1.33","$0.55","$6.23","1","1","Completed","5/14/2022","USD","PayPal (Onsite)","","","USA, Tennessee",
"19118260","5/10/2022","Cplacho","USD","$4.35","","","","","","$7.04","$0.58","$11.97","2","2","Completed","5/21/2022","USD","PayPal (Onsite)","","","USA, Arizona",
"19117494","5/10/2022","Drewiocco38","USD","$4.35","","","","","","$23.31","$1.83","$29.49","4","4","Completed","5/24/2022","USD","PayPal (Onsite)","","","USA, New Jersey",
"19108406","5/9/2022","Pedilego","USD","$4.35","","","","","","$36.11","$0.00","$40.46","4","4","Completed","5/16/2022","USD","PayPal (Onsite)","","","USA, Oregon",
"19107842","5/8/2022","Herostratus","USD","$4.35","","","","","","$21.62","$1.72","$27.69","4","6","Completed","5/15/2022","USD","PayPal (Onsite)","","","USA, New Jersey",
"19107147","5/8/2022","realsschy","USD","$4.35","","","","","","$38.45","$2.40","$45.20","3","7","Completed","5/24/2022","USD","PayPal (Onsite)","","","USA, Massachusetts",
"19105093","5/8/2022","Klongchamps24","USD","$4.35","","","","","","$11.50","$1.01","$16.86","1","2","Completed","5/25/2022","USD","PayPal (Onsite)","","","USA, Oklahoma",
"19097816","5/7/2022","jwulfert2","USD","$4.35","","","","","","$8.20","$0.00","$12.55","2","2","Completed","5/13/2022","USD","PayPal (Onsite)","","","USA, Missouri",
"19096839","5/7/2022","paulandrewneal","USD","$4.35","","","","","","$8.69","$0.91","$13.95","1","1","Completed","5/14/2022","USD","PayPal (Onsite)","","","USA, Georgia",
"19084366","5/5/2022","PapaHamm","USD","$4.35","","","","","","$8.54","$0.71","$13.60","7","16","Completed","5/10/2022","USD","PayPal (Onsite)","","","USA, Nevada",
"19081039","5/5/2022","payto018","USD","$4.35","","","","","","$138.15","$8.55","$151.05","6","6","Completed","5/10/2022","USD","PayPal (Onsite)","","","USA, Michigan",
"19075433","5/4/2022","jgrossman1025","USD","$4.35","","","","","","$45.95","$3.02","$53.32","1","1","Completed","5/10/2022","USD","PayPal (Onsite)","","","USA, Pennsylvania",
"19073207","5/4/2022","BrickWizard59","USD","$4.35","","","","","","$3.95","$0.31","$8.61","1","1","Received","5/19/2022","USD","PayPal (Onsite)","","","USA, Arizona",
"19066206","5/3/2022","acg2019","USD","$4.35","","","","","","$41.16","$3.60","$49.11","2","2","Shipped","5/3/2022","USD","PayPal (Onsite)","","","USA, California",
"19061304","5/2/2022","Seijib","USD","$4.35","","","","","","$4.35","$0.41","$9.11","1","1","Cancelled","5/26/2022","USD","PayPal (Onsite)","","","USA, California",
"19059215","5/2/2022","RichardIII","USD","$4.35","","","","","","$32.73","$2.32","$39.40","2","9","Completed","5/5/2022","USD","PayPal (Onsite)","","","USA, Texas",
"19056674","5/2/2022","jkarasick","USD","$4.35","","","","","","$16.72","$1.26","$22.33","14","17","Completed","5/7/2022","USD","PayPal (Onsite)","","","USA, Pennsylvania",
"19052824","5/1/2022","spyders139","USD","$4.35","","","","","","$10.12","$0.87","$15.34","8","11","Completed","5/5/2022","USD","PayPal (Onsite)","","","USA, Pennsylvania",
"19052579","5/1/2022","pkp1126","USD","$4.35","","","","","","$17.41","$1.63","$23.39","3","3","Shipped","5/2/2022","USD","PayPal (Onsite)","","","USA, Florida",
"19051047","5/1/2022","JmacDonald","USD","$4.35","","","","","","$9.45","$0.00","$13.80","1","3","Shipped","5/1/2022","USD","PayPal (Onsite)","","","USA, New Hampshire",
"19045704","5/1/2022","Tylermaslanik12","USD","$4.35","","","","","","$14.45","$1.41","$20.21","1","1","Shipped","5/1/2022","USD","PayPal (Onsite)","","","USA, Kansas",
"19039871","4/30/2022","bionicleguy0000","USD","$4.35","","","","","","$5.00","$0.30","$9.65","1","1","Shipped","5/1/2022","USD","PayPal (Onsite)","","","USA, Maryland",
"19033956","4/29/2022","armacite","USD","$4.35","","","","","","$24.80","$1.96","$31.11","1","1","Completed","5/4/2022","USD","PayPal (Onsite)","","","USA, Arizona",
"19028950","4/28/2022","TheEtiologist","USD","$4.35","","","","","","$5.48","$0.69","$10.52","1","4","Completed","6/3/2022","USD","PayPal (Onsite)","","","USA, Indiana",
"19026460","4/28/2022","opera104","USD","$4.35","","","","","","$5.00","$0.47","$9.82","1","1","Shipped","4/29/2022","USD","PayPal (Onsite)","","","USA, California",
"19018761","4/27/2022","Dan.Ralston","USD","$4.35","","","","","","$5.30","$0.58","$10.23","8","11","Completed","5/2/2022","USD","PayPal (Onsite)","","","USA, Pennsylvania",
"19014061","4/26/2022","CommandoDroid66","USD","$4.35","","","","","","$8.66","$0.78","$13.79","1","1","Shipped","4/27/2022","USD","PayPal (Onsite)","","","USA, South Carolina",
"19014011","4/26/2022","Heinehoney","USD","$4.35","","","","","","$24.07","$2.93","$31.35","21","104","Shipped","4/27/2022","USD","PayPal (Onsite)","","","USA, Washington",
"19002569","4/25/2022","Bmalo","USD","$4.35","","","","","","$1.75","$0.38","$6.48","1","1","Shipped","4/26/2022","USD","PayPal (Onsite)","","","USA, Illinois",
"18997776","4/24/2022","th1rteen","USD","$4.35","","","","","","$4.95","$0.63","$9.93","1","33","Completed","5/12/2022","USD","PayPal (Onsite)","","","USA, Ohio",
"18993316","4/24/2022","Metternik","USD","$4.35","","","","","","$17.37","$1.04","$22.76","4","9","Completed","5/11/2022","USD","PayPal (Onsite)","","","USA, Virginia",
"18979427","4/22/2022","jstraughn35","USD","$4.35","","","","","","$14.36","$1.31","$20.02","12","13","Completed","5/4/2022","USD","PayPal (Onsite)","","","USA, Florida",
"18976467","4/22/2022","Peter2016","USD","$4.35","","","","","","$12.95","$1.21","$18.51","3","3","Completed","6/7/2022","USD","PayPal (Onsite)","","","USA, Rhode Island",
"18965938","4/20/2022","chelonianpics","USD","$4.35","","","","","","$29.61","$2.65","$36.61","14","17","Completed","4/26/2022","USD","PayPal (Onsite)","","","USA, Ohio",
"18943693","4/18/2022","huntermmm17","USD","$4.35","","","","","","$1.45","$0.48","$6.28","1","1","Completed","4/22/2022","USD","PayPal (Onsite)","","","USA, Texas",
"18940596","4/17/2022","luke5232","USD","$9.15","","$0.50","","","","$54.69","$4.00","$68.34","5","10","Completed","4/23/2022","USD","PayPal (Onsite)","","","USA, California",
"18933348","4/16/2022","KKS2021","USD","$4.35","","","","","","$1.85","$0.51","$6.71","1","1","Completed","4/27/2022","USD","PayPal (Onsite)","","","USA, Texas",
"18922471","4/15/2022","crddavis","USD","$4.35","","","","","","$23.29","$2.21","$29.85","1","1","Shipped","4/15/2022","USD","PayPal (Onsite)","","","USA, Georgia",
"18917418","4/14/2022","JasonQuebral","USD","$4.35","","","","","","$2.50","$0.60","$7.45","1","1","Completed","4/18/2022","USD","PayPal (Onsite)","","","USA, New York",
"18906988","4/12/2022","KsBricks71","USD","$4.35","","","","","","$32.19","$2.20","$38.74","22","37","Completed","4/19/2022","USD","PayPal (Onsite)","","","USA, Pennsylvania",
"18903121","4/12/2022","MiddleZealand","USD","$4.35","","","","","","$18.03","$0.00","$22.38","22","67","Completed","4/18/2022","USD","PayPal (Onsite)","","","USA, Oregon",
"18900095","4/12/2022","11B4","USD","$4.35","","","","","","$8.53","$1.15","$14.03","17","19","Shipped","4/12/2022","USD","PayPal (Onsite)","","","USA, Washington",
"18890293","4/10/2022","wargamingrecon","USD","$4.35","","","","","","$16.06","$1.00","$21.41","4","19","Completed","4/16/2022","USD","PayPal (Onsite)","","","USA, Massachusetts",
"18888022","4/10/2022","mirdaki","USD","$4.35","","","","","","$3.46","$0.79","$8.60","4","7","Completed","4/19/2022","USD","PayPal (Onsite)","","","USA, Washington",
"18876386","4/9/2022","Misterkill800","USD","$4.35","","","","","","$46.19","$0.00","$50.54","24","46","Completed","4/28/2022","USD","PayPal (Onsite)","","","USA, Oregon",
"18875004","4/8/2022","WarpedAtari02","USD","$4.35","","","","","","$9.50","$0.87","$14.72","1","1","Shipped","4/9/2022","USD","PayPal (Onsite)","","","USA, Illinois",
"18873348","4/8/2022","Block_raider","USD","$4.35","","","","","","$19.95","$1.20","$25.50","8","10","Completed","4/12/2022","USD","PayPal (Onsite)","","","USA, Virginia",
"18872945","4/8/2022","ng1397","USD","$4.35","","$2.00","","","","$0.90","$0.22","$7.47","1","2","Completed","5/15/2022","USD","PayPal (Onsite)","","","USA, California",
"18867364","4/7/2022","Jacknud10","USD","$13.50","","","","","","$14.72","$0.00","$28.22","2","2","Shipped","4/7/2022","USD","PayPal (Onsite)","","","Canada, British Columbia",
"18860276","4/6/2022","henriette2","USD","$4.35","","","","","","$3.40","$0.25","$8.00","1","34","Completed","6/7/2022","USD","PayPal (Onsite)","","","USA, California",
"18857046","4/6/2022","v_m_miranda","USD","$4.35","","","","","","$9.64","$0.99","$14.98","5","24","Completed","4/11/2022","USD","PayPal (Onsite)","","","USA, California",
"18856409","4/6/2022","Keith66","USD","$4.35","","","","","","$5.20","$0.60","$10.15","1","1","Shipped","4/6/2022","USD","PayPal (Onsite)","","","USA, Illinois",
"18852284","4/5/2022","ducksnfa90","USD","$4.35","","","","","","$6.50","$0.50","$11.35","1","1","Shipped","4/6/2022","USD","PayPal (Onsite)","","","USA, California",
"18849391","4/5/2022","boyfriendbuilds","USD","$4.85","","","","","","$6.30","$0.38","$11.53","1","7","Shipped","4/5/2022","USD","PayPal (Onsite)","","","USA, Virginia",
"18843008","4/4/2022","pkeim","USD","$4.85","","","","","","$50.63","$3.88","$59.36","17","17","Completed","4/8/2022","USD","PayPal (Onsite)","","","USA, Florida",
"18834436","4/3/2022","kangadoodoo","USD","$8.15","","$0.50","","","","$44.21","$3.70","$56.56","34","228","Completed","4/7/2022","USD","PayPal (Onsite)","","","USA, Georgia",
"18824712","4/2/2022","BrickAdventure1","USD","$8.15","","$0.50","","","","$25.67","$1.57","$35.89","37","229","Shipped","4/3/2022","USD","PayPal (Onsite)","","","USA, Idaho",
"18817364","4/1/2022","ZorakiHyena","USD","$4.35","","","","","","$2.76","$0.57","$7.68","2","2","Completed","4/8/2022","USD","PayPal (Onsite)","","","USA, Ohio",
"18815985","4/1/2022","fredlmcdowell","USD","$4.35","","","","","","$4.40","$0.61","$9.36","1","10","Shipped","4/2/2022","USD","PayPal (Onsite)","","","USA, North Carolina",
"18811767","4/1/2022","ZenozZaat","USD","$4.35","","","","","","$4.10","$0.78","$9.23","5","5","Completed","4/9/2022","USD","PayPal (Onsite)","","","USA, Washington",
"18810772","3/31/2022","Cdawg85","USD","$4.35","","","","","","$1.93","$0.52","$6.80","1","1","Completed","4/8/2022","USD","PayPal (Onsite)","","","USA, Texas",
"18788495","3/29/2022","jfour1988","USD","$8.15","","$0.75","","","","$3.38","$0.94","$13.22","1","1","Shipped","4/15/2022","USD","PayPal (Onsite)","","","USA, Minnesota",
"18778421","3/27/2022","njbricks","USD","$4.35","","","","","","$9.06","$0.54","$13.95","8","9","Completed","3/31/2022","USD","PayPal (Onsite)","","","USA, Virginia",
"18766387","3/26/2022","CRaymond1216","USD","$4.35","","","","","","$5.32","$0.58","$10.25","6","26","Shipped","3/27/2022","USD","PayPal (Onsite)","","","USA, Michigan",
"18765019","3/26/2022","Algib1031","USD","$4.35","","","","","","$2.20","$0.42","$6.97","1","5","Received","4/2/2022","USD","PayPal (Onsite)","","","USA, Connecticut",
"18763180","3/26/2022","jlgarcia31","USD","$4.35","","","","","","$5.00","$0.58","$9.93","1","1","Completed","3/30/2022","USD","PayPal (Onsite)","","","USA, Illinois",
"18762924","3/25/2022","DAG","USD","$4.35","","","","","","$28.63","$2.09","$35.07","21","47","Completed","4/2/2022","USD","PayPal (Onsite)","","","USA, Connecticut",
"18760660","3/25/2022","JWSun","USD","$4.35","","","","","","$45.23","$4.47","$54.05","40","81","Completed","4/2/2022","USD","PayPal (Onsite)","","","USA, California",
"18759807","3/25/2022","arcbusiness","USD","$4.35","","","","","","$14.71","$1.33","$20.39","5","6","Shipped","3/26/2022","USD","PayPal (Onsite)","","","USA, Florida",
"18749032","3/24/2022","jwest","USD","$4.35","","","","","","$19.35","$1.66","$25.36","2","3","Completed","4/4/2022","USD","PayPal (Onsite)","","","USA, Colorado",
"18745181","3/23/2022","Viper8199","USD","$4.35","","","","","","$11.44","$0.87","$16.66","8","13","Completed","3/31/2022","USD","PayPal (Onsite)","","","USA, Nevada",
"18741899","3/23/2022","Ef4life","USD","$8.15","","$0.50","","","","$161.03","$12.76","$182.44","58","134","Completed","3/30/2022","USD","PayPal (Onsite)","","","USA, Arizona",
"18740075","3/22/2022","TwoBri","USD","$4.35","","","","","","$1.75","$0.14","$6.24","1","1","Completed","3/29/2022","USD","PayPal (Onsite)","","","USA, California",
"18739280","3/22/2022","LegoLindo","USD","$4.35","","$1.00","","","","$0.63","$0.48","$6.46","4","8","Shipped","3/22/2022","USD","PayPal (Onsite)","","","USA, New York",
"18738293","3/22/2022","jowen007","USD","$4.35","","","","","","$8.75","$0.85","$13.95","16","20","Shipped","3/22/2022","USD","PayPal (Onsite)","","","USA, Florida",
"18736663","3/22/2022","Stella2015","USD","$4.35","","","","","","$1.65","$0.38","$6.38","1","3","Completed","3/28/2022","USD","PayPal (Onsite)","","","USA, Texas",
"18736451","3/22/2022","Merlins_Sword","USD","$4.85","","","","","","$28.16","$3.10","$36.11","9","15","Shipped","3/22/2022","USD","PayPal (Onsite)","","","USA, Washington",
"18732771","3/21/2022","greggeo","USD","$4.35","","","","","","$20.69","$0.00","$25.04","5","21","Completed","3/31/2022","USD","PayPal (Onsite)","","","USA, Alaska",
"18730556","3/21/2022","smileysbricks","USD","$4.35","","","","","","$5.34","$0.32","$10.01","7","8","Completed","3/29/2022","USD","PayPal (Onsite)","","","USA, Idaho",
"18724463","3/20/2022","vancel","USD","$4.35","","$1.00","","","","$0.93","$0.44","$6.72","1","1","Shipped","3/20/2022","USD","PayPal (Onsite)","","","USA, Florida",
"18721865","3/20/2022","sebiside","USD","$4.35","","","","","","$4.25","$0.71","$9.31","1","1","Shipped","3/20/2022","USD","PayPal (Onsite)","","","USA, Texas",
"18720406","3/20/2022","bill.shaw50","USD","$4.35","","","","","","$2.22","$0.41","$6.98","1","1","Shipped","3/20/2022","USD","PayPal (Onsite)","","","USA, Illinois",
"18719509","3/20/2022","Jbakes","USD","$4.35","","","","","","$6.95","$0.00","$11.30","3","4","Completed","3/24/2022","USD","PayPal (Onsite)","","","USA, North Dakota",
"18713216","3/19/2022","kingofanime","USD","$4.35","","","","","","$17.77","$1.33","$23.45","5","14","Completed","3/26/2022","USD","PayPal (Onsite)","","","USA, Michigan",
"18708596","3/18/2022","matthewdg13","USD","$4.35","","","","","","$4.35","$0.66","$9.36","1","1","Shipped","3/19/2022","USD","PayPal (Onsite)","","","USA, Washington",
"18708073","3/18/2022","mariel6","USD","$4.35","","","","","","$1.26","$0.46","$6.07","2","2","Completed","3/25/2022","USD","PayPal (Onsite)","","","USA, New York",
"18697481","3/17/2022","miketowle","USD","$8.15","","$0.50","","","","$31.80","$3.30","$43.75","2","5","Shipped","3/18/2022","USD","PayPal (Onsite)","","","USA, Colorado",
"18690295","3/16/2022","rrefshauge","USD","$4.35","","","","","","$1.29","$0.41","$6.05","4","9","Completed","3/24/2022","USD","PayPal (Onsite)","","","USA, Nebraska",
"18685755","3/16/2022","pacvvv1","USD","$4.35","","","","","","$14.24","$1.53","$20.12","5","14","Completed","3/19/2022","USD","PayPal (Onsite)","","","USA, Texas",
"18681986","3/15/2022","cja","USD","$4.85","","","","","","$42.33","$0.00","$47.18","35","69","Completed","3/20/2022","USD","PayPal (Onsite)","","","USA, Oregon",
"18677782","3/15/2022","aturney12","USD","$4.35","","","","","","$3.15","$0.23","$7.73","1","1","Completed","3/21/2022","USD","PayPal (Onsite)","","","USA, Utah",
"18677223","3/14/2022","Goose_501st","USD","$4.35","","","","","","$1.70","$0.11","$6.16","1","1","Completed","3/19/2022","USD","PayPal (Onsite)","","","USA, Massachusetts",
"18652258","3/12/2022","beyelzu","USD","$8.15","","$0.50","","","","$45.55","$4.32","$58.52","12","94","Shipped","3/12/2022","USD","PayPal (Onsite)","","","USA, California",
"18650506","3/11/2022","bmboyd21","USD","$4.35","","","","","","$9.50","$1.14","$14.99","1","1","Completed","3/15/2022","USD","PayPal (Onsite)","","","USA, Texas",
"18649518","3/11/2022","dwip142","USD","$4.35","","","","","","$15.44","$0.00","$19.79","4","23","Completed","3/15/2022","USD","PayPal (Onsite)","","","USA, Oregon",
"18645636","3/11/2022","Darth_Debater","USD","$4.35","","","","","","$1.34","$0.40","$6.09","1","1","Completed","3/15/2022","USD","PayPal (Onsite)","","","USA, Florida",
"18645066","3/11/2022","Rondo_Sweever","USD","$4.85","","","","","","$24.12","$2.10","$31.07","36","60","Completed","3/19/2022","USD","PayPal (Onsite)","","","USA, Ohio",
"18642896","3/11/2022","Merlin21","USD","$4.35","","","","","","$3.33","$0.00","$7.68","1","1","Shipped","3/12/2022","USD","PayPal (Onsite)","","","USA, Oregon",
"18621503","3/8/2022","hgirlmiller","USD","$4.35","","","","","","$7.43","$0.74","$12.52","4","7","Shipped","3/8/2022","USD","PayPal (Onsite)","","","USA, Texas",
"18606864","3/6/2022","medic1","USD","$15.75","","","","","","$22.67","$8.07","$46.49","7","10","Completed","3/19/2022","USD","PayPal (Onsite)","","","Netherlands, Overijssel",
"18606132","3/6/2022","Impmonkey","USD","$4.35","","","","","","$1.95","$0.00","$6.30","2","5","Completed","3/10/2022","USD","PayPal (Onsite)","","","USA, New Hampshire",
"18567635","3/2/2022","swingg","USD","$4.35","","","","","","$4.49","$0.57","$9.41","5","59","Completed","4/4/2022","USD","PayPal (Onsite)","","","USA, Florida",
"18540619","2/27/2022","barekatt","USD","$4.75","","","","","","$16.87","$1.56","$23.18","9","91","Completed","3/2/2022","USD","PayPal (Onsite)","","","USA, California",
"18520612","2/24/2022","legolawman","USD","$4.25","","","","","","$4.00","$0.29","$8.54","1","1","Completed","3/3/2022","USD","PayPal (Onsite)","","","USA, California",
"18515253","2/24/2022","eZRealiity","USD","$4.25","","","","","","$8.90","$1.18","$14.33","3","3","Completed","3/2/2022","USD","PayPal (Onsite)","","","USA, Washington",
"18485484","2/21/2022","Vinnyman","USD","$4.25","","","","","","$3.85","$0.73","$8.83","1","1","Completed","3/1/2022","USD","PayPal (Onsite)","","","USA, Washington",
"18460746","2/18/2022","Brks4Nadia","USD","$5.25","","","","","","$43.69","$0.00","$48.94","31","109","Shipped","2/24/2022","USD","PayPal (Onsite)","","","USA, Alabama",
"18432608","2/15/2022","Wmeans","USD","$4.25","","","","","","$2.32","$0.43","$7.00","4","10","Completed","2/28/2022","USD","PayPal (Onsite)","","","USA, Florida",
"18390845","2/10/2022","Mjmolosky","USD","$4.25","","","","","","$1.85","$0.20","$6.30","1","1","Completed","2/18/2022","USD","PayPal (Onsite)","","","USA, Colorado",
"18373029","2/8/2022","Reiff_Art","USD","$4.25","","$1.00","","","","$0.24","$0.27","$5.76","1","2","Completed","2/18/2022","USD","PayPal (Onsite)","","","USA, Wisconsin",
"18342930","2/5/2022","janokal","USD","$4.25","","","","","","$1.48","$0.40","$6.13","10","15","Completed","2/20/2022","USD","PayPal (Onsite)","","","USA, Georgia",
"18333190","2/5/2022","jsmith55","USD","$4.25","","$1.00","","","","$0.48","$0.47","$6.20","1","6","Completed","2/18/2022","USD","PayPal (Onsite)","","","USA, Texas",
"18332482","2/4/2022","dusty67ss","USD","$5.25","","","","","","$23.42","$1.70","$30.37","13","168","Completed","2/18/2022","USD","PayPal (Onsite)","","","USA, Utah",
"18327699","2/4/2022","closetFull","USD","$4.25","","","","","","$3.20","$0.56","$8.01","3","13","Completed","4/23/2022","USD","PayPal (Onsite)","","","USA, Florida",
"18320059","2/3/2022","gjelson","USD","$4.25","","","","","","$1.19","$0.48","$5.92","2","2","Completed","2/19/2022","USD","PayPal (Onsite)","","","USA, New York",
"18316833","2/3/2022","Jsandawg","USD","$4.25","","","","","","$9.45","$0.96","$14.66","4","6","Completed","2/17/2022","USD","PayPal (Onsite)","","","USA, Indiana",
"18278749","1/30/2022","Wiggly_Blocks","USD","$4.25","","","","","","$5.66","$0.72","$10.63","1","1","Completed","2/19/2022","USD","PayPal (Onsite)","","","USA, Nebraska",
"18252169","1/27/2022","PrimeRider","USD","$4.25","","$1.00","","","","$0.91","$0.41","$6.57","5","7","Completed","2/19/2022","USD","PayPal (Onsite)","","","USA, New Jersey",
"18246312","1/27/2022","pdelgros","USD","$4.25","","$1.00","","","","$0.82","$0.36","$6.43","2","2","Shipped","2/8/2022","USD","PayPal (Onsite)","","","USA, Pennsylvania",
"18223742","1/24/2022","Vader2001","USD","$4.25","","$1.00","","","","$0.16","$0.10","$5.51","1","2","Completed","1/28/2022","USD","PayPal (Onsite)","","","USA, Nevada",
"18202545","1/22/2022","Rosco53","USD","$4.75","","","","","","$20.54","$1.39","$26.68","17","101","Completed","1/29/2022","USD","PayPal (Onsite)","","","USA, Wisconsin",
"18201644","1/22/2022","Doncat618","USD","$8.15","","","","","","$1.35","$0.59","$10.09","1","1","Completed","1/29/2022","USD","PayPal (Onsite)","","","USA, Illinois",
"18182905","1/20/2022","thrillseeker420","USD","$4.75","","","","","","$78.00","$7.28","$90.03","2","2","Completed","1/29/2022","USD","PayPal (Onsite)","","","USA, Washington",
"18156602","1/18/2022","CptTacoriffic","USD","$4.25","","$1.00","","","","$0.87","$0.38","$6.50","1","3","Shipped","1/19/2022","USD","PayPal (Onsite)","","","USA, Illinois",
"18095677","1/11/2022","smartpants_101","USD","$5.25","","","","","","$32.30","$0.00","$37.55","131","324","Completed","2/3/2022","USD","PayPal (Onsite)","","","Canada, Nova Scotia",
"18077942","1/9/2022","Slimbone","USD","$4.25","","","","","","$4.81","$0.54","$9.60","5","18","Completed","1/19/2022","USD","PayPal (Onsite)","","","USA, Michigan",
"18068812","1/9/2022","Kraylon13","USD","$4.75","","","","","","$28.13","$1.58","$34.46","28","32","Completed","2/19/2022","USD","PayPal (Onsite)","","","USA, Arizona",
"18066311","1/8/2022","ThreEve87","USD","$5.25","","","","","","$14.07","$1.65","$20.97","44","98","Completed","1/25/2022","USD","PayPal (Onsite)","","","USA, Colorado",
"18053836","1/7/2022","Wddavis90gmai.c","USD","$4.25","","","","","","$1.80","$0.36","$6.41","1","2","Shipped","1/13/2022","USD","PayPal (Onsite)","","","USA, Georgia",
"18021864","1/4/2022","adaup97","USD","$4.25","","","","","","$10.60","$0.93","$15.78","23","66","Completed","1/10/2022","USD","PayPal (Onsite)","","","USA, Illinois",
"18021324","1/4/2022","LegoDragonGuy","USD","$4.25","","","","","","$6.00","$0.64","$10.89","1","1","Completed","1/18/2022","USD","PayPal (Onsite)","","","USA, Illinois",
"17989214","1/1/2022","T_o_n_y","USD","$4.75","","","","","","$22.27","$1.98","$29.00","29","86","Completed","1/11/2022","USD","PayPal (Onsite)","","","USA, New Mexico",
"17977192","12/30/2021","austin1112","USD","$4.25","","","","","","$1.25","$0.51","$6.01","1","1","Completed","1/12/2022","USD","PayPal (Onsite)","","","USA, Tennessee",
"17940679","12/26/2021","Scottukcat","USD","$4.25","","","","","","$4.54","$0.53","$9.32","6","13","Completed","1/13/2022","USD","PayPal (Onsite)","","","USA, Kentucky",
"17925385","12/23/2021","GTS_Sanchez","USD","$4.25","","","","","","$17.65","$0.00","$21.90","1","1","Completed","12/31/2021","USD","PayPal (Onsite)","","","USA, Alabama",
"17925011","12/23/2021","destria","USD","$4.25","","","","","","$14.00","$1.37","$19.62","1","1","Shipped","12/27/2021","USD","PayPal (Onsite)","","","USA, Minnesota",
"17904587","12/20/2021","jcm_US","USD","$4.25","","","","","","$12.65","$0.00","$16.90","7","9","Completed","12/30/2021","USD","PayPal (Onsite)","","","USA, New Hampshire",
"17897823","12/19/2021","Jacy_Benny","USD","$9.50","","","","","","$87.55","$0.00","$97.05","2","2","Completed","1/9/2022","USD","PayPal (Onsite)","","","Canada, Saskatchewan",
"17868569","12/15/2021","._Fulcrum_.","USD","$4.75","","","","","","$19.82","$1.54","$26.11","16","82","Purged","4/4/2022","USD","PayPal (Onsite)","","","USA, Texas",
"17851881","12/13/2021","BrickMonarch","USD","$6.50","","$0.50","","","","$28.53","$3.20","$38.73","10","21","Purged","12/17/2021","USD","PayPal (Onsite)","","","USA, Tennessee",
"17833569","12/11/2021","sheats","USD","$4.00","","","","","","$2.95","$0.50","$7.45","4","5","Purged","12/23/2021","USD","PayPal (Onsite)","","","USA, North Carolina",
"17795655","12/6/2021","mclyndaker","USD","$4.00","","","","","","$5.15","$0.55","$9.70","1","1","Purged","12/7/2021","USD","PayPal (Onsite)","","","USA, West Virginia",
"17756032","12/2/2021","Sing1967","USD","$4.00","","","","","","$21.95","$1.82","$27.77","1","1","Purged","12/6/2021","USD","PayPal (Onsite)","","","USA, Florida",
"17726087","11/28/2021","Secret4500","USD","$4.00","","","","","","$3.38","$0.24","$7.62","3","16","Purged","11/30/2021","USD","PayPal (Onsite)","","","USA, Nevada",
"17715730","11/27/2021","Lego25racer","USD","$4.00","","$1.00","","","","$0.60","$0.13","$5.73","1","6","Purged","12/6/2021","USD","PayPal (Onsite)","","","USA, Nevada",
"17670275","11/22/2021","Nyisle","USD","$4.55","","","","","","$4.00","$0.32","$8.87","1","4","Purged","12/24/2021","USD","PayPal (Onsite)","","","USA, Arizona",
"17634375","11/19/2021","stevej1963","USD","$4.00","","","","","","$1.50","$0.55","$6.05","1","30","Purged","11/22/2021","USD","PayPal (Onsite)","","","USA, Arkansas",
"17631057","11/19/2021","KD1963","USD","$4.00","","","","","","$4.25","$0.36","$8.61","8","13","Purged","11/22/2021","USD","PayPal (Onsite)","","","USA, Nevada",
"17630870","11/19/2021","JWLego1","USD","$4.00","","","","","","$32.59","$2.81","$39.40","8","17","Purged","11/25/2021","USD","PayPal (Onsite)","","","USA, California",
"17630318","11/18/2021","Matorola","USD","$9.50","","","","","","$22.08","$0.00","$31.58","6","6","Purged","12/7/2021","USD","PayPal (Onsite)","","","Canada, British Columbia",
"17627141","11/18/2021","Crymtastic","USD","$4.00","","","","","","$1.85","$0.39","$6.24","1","1","Purged","11/26/2021","USD","PayPal (Onsite)","","","USA, New Jersey",
"17616869","11/17/2021","snoop3242","USD","$4.00","","","","","","$2.94","$0.57","$7.51","4","5","Purged","11/26/2021","USD","PayPal (Onsite)","","","USA, Texas",
"17598285","11/14/2021","therealwillarno","USD","$4.00","","","","","","$6.91","$0.79","$11.70","6","6","Purged","12/1/2021","USD","PayPal (Onsite)","","","USA, Texas",
"17578949","11/12/2021","aladypilot","USD","$4.00","","","","","","$8.70","$0.76","$13.46","1","1","Purged","11/15/2021","USD","PayPal (Onsite)","","","USA, Kentucky",
"17540108","11/7/2021","Lndn99T","USD","$4.00","","","","","","$2.00","$0.49","$6.49","1","2","Purged","1/30/2022","USD","PayPal (Onsite)","","","USA, Washington",
"17535276","11/6/2021","CmdrLoyal","USD","$4.00","","","","","","$6.05","$0.70","$10.75","3","4","Purged","11/23/2021","USD","PayPal (Onsite)","","","USA, Vermont",
"17534327","11/6/2021","Bxvx","USD","$4.00","","","","","","$1.66","$0.13","$5.79","1","1","Purged","11/12/2021","USD","PayPal (Onsite)","","","USA, California",
"17530514","11/6/2021","bostyt50","USD","$4.00","","$1.00","","","","$0.55","$0.53","$6.08","1","1","Purged","1/8/2022","USD","PayPal (Onsite)","","","USA, Arkansas",
"17496346","11/1/2021","mcfreedley","USD","$4.00","","","","","","$13.50","$1.16","$18.66","2","5","Purged","11/15/2021","USD","PayPal (Onsite)","","","USA, New Jersey",
"17474306","10/29/2021","Wvzj","USD","$4.00","","","","","","$8.00","$0.84","$12.84","1","1","Purged","11/3/2021","USD","PayPal (Onsite)","","","USA, South Carolina",
"17424922","10/22/2021","GusManB2000","USD","$5.15","","","","","","$50.81","$3.64","$59.60","42","147","Purged","11/5/2021","USD","PayPal (Onsite)","","","USA, Florida",
"17389084","10/17/2021","bb_68","USD","$4.00","","","","","","$5.76","$0.45","$10.21","13","24","Purged","10/21/2021","USD","PayPal (Onsite)","","","USA, California",
"17355473","10/12/2021","siwelttocs2000","USD","$4.00","","","","","","$2.00","$0.40","$6.40","1","1","Purged","10/22/2021","USD","PayPal (Onsite)","","","USA, New Jersey",
"17352325","10/12/2021","jolie8724","USD","$4.00","","","","","","$2.51","$0.58","$7.09","10","30","Purged","10/26/2021","USD","PayPal (Onsite)","","","USA, New York",
"17340491","10/10/2021","D4N13L_","USD","$4.00","","","","","","$1.30","$0.00","$5.30","1","1","Purged","10/15/2021","USD","PayPal (Onsite)","","","USA, Mississippi",
"17313674","10/7/2021","NyelDalkar","USD","$4.00","","","","","","$2.82","$0.20","$7.02","9","15","Purged","10/8/2021","USD","PayPal (Onsite)","","","USA, Utah",
"17297604","10/4/2021","wight2019gmail","USD","$4.00","","","","","","$1.23","$0.39","$5.62","1","1","Purged","10/5/2021","USD","PayPal (Onsite)","","","USA, Florida",
"17287108","10/3/2021","rymy1816","USD","$4.00","","$1.00","","","","$0.43","$0.10","$5.53","5","7","Purged","10/4/2021","USD","PayPal (Onsite)","","","USA, Iowa",
"17274179","10/1/2021","TheLostPiece97","USD","$4.00","","","","","","$1.26","$0.00","$5.26","4","6","Purged","10/14/2021","USD","PayPal (Onsite)","","","USA, Alaska",
"17261202","9/29/2021","SF11202011","USD","$4.00","","","","","","$20.00","$1.40","$25.40","1","10","Purged","10/6/2021","USD","PayPal (Onsite)","","","USA, Virginia",
"17253859","9/28/2021","huismanskyelar","USD","$4.00","","","","","","$1.08","$0.30","$5.38","2","2","Purged","9/29/2021","USD","PayPal (Onsite)","","","USA, Michigan",
"17240340","9/26/2021","toohumble","USD","$4.00","","","","","","$12.66","$1.17","$17.83","1","2","Purged","10/1/2021","USD","PayPal (Onsite)","","","USA, Georgia",
"17230598","9/25/2021","unduli","USD","$4.00","","","","","","$6.46","$0.73","$11.19","7","22","Purged","9/27/2021","USD","PayPal (Onsite)","","","USA, Georgia",
"17225751","9/24/2021","danilynn65","USD","$4.00","","$1.00","","","","$0.20","$0.07","$5.27","1","1","Purged","9/25/2021","USD","PayPal (Onsite)","","","USA, Arizona",
"17198622","9/20/2021","hlmiller987","USD","$4.00","","$1.00","","","","$0.27","$0.43","$5.70","4","4","Purged","9/27/2021","USD","PayPal (Onsite)","","","USA, Texas",
"17175763","9/17/2021","jr121174","USD","$4.00","","","","","","$6.94","$0.90","$11.84","30","63","Purged","9/27/2021","USD","PayPal (Onsite)","","","USA, Texas",
"17161709","9/15/2021","hm640509","USD","$4.00","","","","","","$5.35","$0.32","$9.67","2","5","Purged","9/27/2021","USD","PayPal (Onsite)","","","USA, Virginia",
"17158173","9/15/2021","dracu777","USD","$5.15","","","","","","$43.82","$4.35","$53.32","36","59","Purged","9/28/2021","USD","PayPal (Onsite)","","","USA, New York",
"17156673","9/15/2021","absolutheath","USD","$4.55","","","","","","$44.73","$4.07","$53.35","17","36","Purged","10/5/2021","USD","PayPal (Onsite)","","","USA, Texas",
"17144854","9/13/2021","Chiefzerbear808","USD","$6.50","","$0.75","","","","$8.64","$0.72","$16.61","4","4","Purged","3/9/2022","USD","PayPal (Onsite)","","","USA, Hawaii",
"17134189","9/12/2021","Mr.Pawterson","USD","$4.00","","","","","","$1.54","$0.46","$6.00","3","4","Purged","9/27/2021","USD","PayPal (Onsite)","","","USA, Texas",
"17127346","9/11/2021","rosebtva","USD","$4.00","","","","","","$6.53","$0.50","$11.03","7","8","Purged","9/24/2021","USD","PayPal (Onsite)","","","USA, Arizona",
"17126657","9/10/2021","CorbenV","USD","$4.00","","","","","","$1.05","$0.30","$5.35","2","2","Purged","9/14/2021","USD","PayPal (Onsite)","","","USA, Michigan",
"17123517","9/10/2021","M.Sa","USD","$4.00","","","","","","$2.00","$0.62","$6.62","1","1","Purged","9/19/2021","USD","PayPal (Onsite)","","","USA, Washington",
"17114037","9/9/2021","tyco15","USD","$6.50","","","","","","$1.10","$0.61","$8.21","1","1","Purged","9/20/2021","USD","PayPal (Onsite)","","","USA, Colorado",
"17111967","9/8/2021","FuturisticLego","USD","$4.00","","","","","","$1.31","$0.43","$5.74","4","8","Purged","9/20/2021","USD","PayPal (Onsite)","","","USA, New York",
"17111957","9/8/2021","Brickster917","USD","$4.00","","","","","","$3.95","$0.50","$8.45","2","2","Purged","9/22/2021","USD","PayPal (Onsite)","","","USA, Illinois",
"17062762","9/1/2021","danielsmith","USD","$4.00","","","","","","$6.89","$0.76","$11.65","12","18","Purged","9/15/2021","USD","PayPal (Onsite)","","","USA, Florida",
"17055326","8/31/2021","waltzking","USD","$4.00","","","","","","$15.77","$0.00","$19.77","10","22","Purged","9/9/2021","USD","PayPal (Onsite)","","","USA, Missouri",
"17024785","8/27/2021","mjfee07gmail","USD","$4.00","","","","","","$3.33","$0.71","$8.04","1","1","Purged","9/2/2021","USD","PayPal (Onsite)","","","USA, Tennessee",
"17022766","8/27/2021","Cyffeine","USD","$4.55","","","","","","$12.18","$0.65","$17.38","10","109","Purged","8/31/2021","USD","PayPal (Onsite)","","","USA, Virginia",
"17004702","8/24/2021","chazadams","USD","$4.00","","","","","","$1.09","$0.32","$5.41","3","3","Purged","8/25/2021","USD","PayPal (Onsite)","","","USA, Illinois",
"16956669","8/18/2021","raremarz","USD","$4.00","","","","","","$9.89","$1.20","$15.09","10","10","Purged","8/24/2021","USD","PayPal (Onsite)","","","USA, New York",
"16956389","8/18/2021","muggits","USD","$4.00","","","","","","$13.27","$1.53","$18.80","7","16","Purged","8/30/2021","USD","PayPal (Onsite)","","","USA, New York",
"16950721","8/17/2021","JackPat","USD","$6.50","","$0.50","","","","$42.21","$2.57","$51.78","16","36","Purged","9/12/2021","USD","PayPal (Onsite)","","","USA, Maryland",
"16948590","8/16/2021","RayneTheGreat","USD","$4.00","","","","","","$28.71","$2.21","$34.92","8","9","Purged","8/18/2021","USD","PayPal (Onsite)","","","USA, Ohio",
"16945831","8/16/2021","CamTizzy","USD","$4.00","","","","","","$11.25","$1.11","$16.36","2","2","Purged","8/17/2021","USD","PayPal (Onsite)","","","USA, Ohio",
"16933362","8/14/2021","marberg50","USD","$4.00","","","","","","$2.84","$0.41","$7.25","3","4","Purged","8/22/2021","USD","PayPal (Onsite)","","","USA, Pennsylvania",
"16930523","8/14/2021","jong836","USD","$4.00","","","","","","$3.01","$0.42","$7.43","2","2","Purged","8/15/2021","USD","PayPal (Onsite)","","","USA, Kentucky",
"16921912","8/12/2021","Sprywolf","USD","$4.00","","","","","","$3.08","$0.22","$7.30","3","3","Purged","8/23/2021","USD","PayPal (Onsite)","","","USA, Utah",
"16920957","8/12/2021","Drewzy2020","USD","$4.00","","","","","","$1.85","$0.36","$6.21","9","10","Purged","8/18/2021","USD","PayPal (Onsite)","","","USA, Pennsylvania",
"16911844","8/11/2021","bigtimerose","USD","$4.00","","","","","","$1.00","$0.10","$5.10","1","1","Purged","8/12/2021","USD","PayPal (Onsite)","","","USA, California",
"16908504","8/11/2021","jnmz20","USD","$4.00","","","","","","$7.90","$0.71","$12.61","7","14","Purged","8/29/2021","USD","PayPal (Onsite)","","","USA, West Virginia",
"16901579","8/9/2021","binkie","USD","$4.00","","$1.00","","","","$0.28","$0.38","$5.66","2","2","Purged","8/10/2021","USD","PayPal (Onsite)","","","USA, New Mexico",
"16900438","8/9/2021","dj_2476","USD","$4.00","","","","","","$13.60","$1.19","$18.79","18","77","Purged","8/16/2021","USD","PayPal (Onsite)","","","USA, California",
"16897406","8/9/2021","GrillinFools","USD","$4.00","","","","","","$22.54","$0.00","$26.54","4","4","Purged","8/9/2021","USD","PayPal (Onsite)","","","USA, Missouri",
"16894461","8/9/2021","Mxrox100","USD","$4.00","","","","","","$5.90","$0.82","$10.72","3","3","Purged","8/22/2021","USD","PayPal (Onsite)","","","USA, Texas",
"16872869","8/5/2021","rickruss5","USD","$4.00","","","","","","$4.07","$0.48","$8.55","4","12","Purged","8/9/2021","USD","PayPal (Onsite)","","","USA, Pennsylvania",
"16812754","7/27/2021","Kuthred","USD","$4.00","","","","","","$2.00","$0.11","$6.11","1","1","Purged","8/4/2021","USD","PayPal (Onsite)","","","USA, Arizona",
"16811497","7/27/2021","Mintiekrissy","USD","$4.00","","","","","","$2.00","$0.19","$6.19","1","1","Purged","7/28/2021","USD","PayPal (Onsite)","","","USA, California",
"16799050","7/25/2021","Jackcrystal","USD","$4.00","","","","","","$2.00","$0.50","$6.50","1","1","Purged","7/26/2021","USD","PayPal (Onsite)","","","USA, Texas",
"16466131","6/4/2021","ivantyou2","USD","$4.00","","","","","","$9.30","$0.83","$14.13","2","2","Purged","6/9/2021","USD","PayPal (Onsite)","","","USA, Illinois",
"16434960","5/31/2021","sperez22","USD","$4.00","","$1.00","","","","$0.75","$0.46","$6.21","1","1","Purged","6/4/2021","USD","PayPal (Onsite)","","","USA, Georgia",
"16423988","5/29/2021","v_m_miranda","USD","$4.00","","","","","","$8.02","$0.82","$12.84","5","19","Purged","6/6/2021","USD","PayPal (Onsite)","","","USA, California",
"16420987","5/29/2021","BlaineRamp","USD","$4.00","","","","","","$2.56","$0.40","$6.96","4","10","Purged","6/12/2021","USD","PayPal (Onsite)","","","USA, Pennsylvania",
"16417825","5/28/2021","jhargan","USD","$4.00","","","","","","$7.63","$1.19","$12.82","5","14","Purged","6/4/2021","USD","PayPal (Onsite)","","","USA, Washington",
"16417426","5/28/2021","v_m_miranda","USD","$9.95","","","","","","$23.75","$2.43","$36.13","1","1","Purged","6/6/2021","USD","PayPal (Onsite)","","","USA, California",
"16393165","5/25/2021","G_DUBS413","USD","$4.55","","","","","","$40.92","$2.17","$47.64","6","12","Purged","8/23/2021","USD","PayPal (Onsite)","","","USA, Virginia",
"16393036","5/25/2021","BensonNielson","USD","$4.00","","","","","","$3.25","$0.27","$7.52","1","1","Purged","5/26/2021","USD","PayPal (Onsite)","","","USA, Nevada",
"16387834","5/24/2021","PatrickC","USD","$4.00","","","","","","$19.17","$1.68","$24.85","24","54","Purged","6/29/2021","USD","PayPal (Onsite)","","","USA, North Carolina",
"16367312","5/22/2021","FireSprite","USD","$4.00","","","","","","$2.40","$0.48","$6.88","6","11","Purged","5/28/2021","USD","PayPal (Onsite)","","","USA, Ohio",
"16355858","5/20/2021","markofbrick","USD","$4.00","","","","","","$25.02","$1.74","$30.76","15","18","Purged","5/29/2021","USD","PayPal (Onsite)","","","USA, Michigan",
"16345612","5/19/2021","This_Machine","USD","$4.55","","","","","","$20.69","$2.08","$27.32","7","14","Purged","5/19/2021","USD","PayPal (Onsite)","","","USA, Texas",
"16335504","5/17/2021","randysluder","USD","$4.00","","","","","","$59.50","$4.45","$67.95","3","3","Purged","5/19/2021","USD","PayPal (Onsite)","","","USA, North Carolina",
"16328115","5/16/2021","DebbiePeterson","USD","$4.00","","","","","","$5.05","$0.68","$9.73","2","2","Purged","5/17/2021","USD","PayPal (Onsite)","","","USA, Ohio",
"16312710","5/14/2021","Mykeej81","USD","$4.00","","","","","","$47.40","$3.67","$55.07","3","3","Purged","5/21/2021","USD","PayPal (Onsite)","","","USA, California",
"16305049","5/13/2021","xandez1","USD","$4.55","","","","","","$60.75","$4.57","$69.87","12","22","Purged","6/1/2021","USD","PayPal (Onsite)","","","USA, Georgia",
"16291849","5/12/2021","Adaptus","USD","$4.00","","","","","","$10.15","$0.63","$14.78","1","1","Purged","5/18/2021","USD","PayPal (Onsite)","","","USA, Massachusetts",
"16276723","5/10/2021","saratowers1966","USD","$11.75","","","","","","$1.00","$0.00","$12.75","1","1","Purged","5/10/2021","USD","PayPal (Onsite)","","","United Kingdom, England",
"16275032","5/10/2021","trustworthy","USD","$4.55","","","","","","$21.40","$1.66","$27.61","11","34","Purged","5/10/2021","USD","PayPal (Onsite)","","","USA, California",
"16271493","5/9/2021","Armykellymarie","USD","$4.00","","","","","","$2.27","$0.34","$6.61","7","14","Purged","5/17/2021","USD","PayPal (Onsite)","","","USA, Wisconsin",
"16258296","5/7/2021","Danpixell","USD","$4.00","","$1.00","","","","$0.75","$0.14","$5.89","1","1","Purged","7/10/2021","USD","PayPal (Onsite)","","","USA, Arizona",
"16226091","5/3/2021","Indy_aj","USD","$4.00","","","","","","$1.05","$0.00","$5.05","2","3","Purged","5/10/2021","USD","PayPal (Onsite)","","","USA, Missouri",
"16199415","4/30/2021","soaky","USD","$4.00","","","","","","$6.64","$0.64","$11.28","11","12","Purged","5/5/2021","USD","PayPal (Onsite)","","","USA, Pennsylvania",
"16195735","4/30/2021","InanimateReason","USD","$4.00","","","","","","$44.15","$0.00","$48.15","10","24","Purged","5/6/2021","USD","PayPal (Onsite)","","","USA, Florida",
"16184632","4/28/2021","JCoon","USD","$4.00","","","","","","$14.22","$1.50","$19.72","5","8","Purged","5/6/2021","USD","PayPal (Onsite)","","","USA, Texas",
"16161273","4/26/2021","rustybolts40","USD","$4.00","","","","","","$2.72","$0.14","$6.86","2","5","Purged","5/8/2021","USD","PayPal (Onsite)","","","USA, Virginia",
"16148634","4/24/2021","jlewis0121","USD","$4.00","","$1.00","","","","$0.40","$0.36","$5.76","1","1","Purged","5/11/2021","USD","PayPal (Onsite)","","","USA, North Carolina",
"16128028","4/22/2021","ctomcak","USD","$4.00","","","","","","$3.48","$0.52","$8.00","2","5","Purged","4/24/2021","USD","PayPal (Onsite)","","","USA, Nebraska",
"16103534","4/19/2021","Snaattack","USD","$4.00","","","","","","$10.11","$0.94","$15.05","30","45","Purged","4/26/2021","USD","PayPal (Onsite)","","","USA, California",
"16094194","4/18/2021","21.keelboat_55","USD","$5.15","","","","","","$7.97","$0.70","$13.82","3","3","Purged","4/22/2021","USD","PayPal (Onsite)","","","USA, California",
"16085491","4/17/2021","Octanster","USD","$4.00","","","","","","$18.53","$2.03","$24.56","12","20","Purged","4/28/2021","USD","PayPal (Onsite)","","","USA, Washington",
"16073620","4/15/2021","Jespon","USD","$4.00","","","","","","$5.73","$0.00","$9.73","14","16","Purged","4/19/2021","USD","PayPal (Onsite)","","","USA, Oregon",
"16071103","4/15/2021","Scorey23","USD","$4.00","","","","","","$8.00","$0.84","$12.84","1","2","Purged","4/19/2021","USD","PayPal (Onsite)","","","USA, Indiana",
"16066947","4/14/2021","traingang","USD","$4.55","","","","","","$16.06","$0.00","$20.61","22","51","Purged","5/2/2021","USD","PayPal (Onsite)","","","USA, Florida",
"16065391","4/14/2021","tekknosk8er","USD","$19.50","","","","","","$7.50","$1.62","$28.62","1","1","Cancelled","4/14/2021","USD","PayPal (Onsite)","","","USA, Michigan",
"16056140","4/13/2021","Brickthewall","USD","$4.00","","","","","","$26.23","$2.49","$32.72","11","12","Purged","4/14/2021","USD","PayPal (Onsite)","","","USA, California",
"16049342","4/12/2021","Jmozo","USD","$5.15","","","","","","$2.69","$0.24","$8.08","1","1","Purged","4/20/2021","USD","PayPal (Onsite)","","","USA, California",
"16036113","4/11/2021","Mommycapp","USD","$4.00","","","","","","$3.75","$0.47","$8.22","1","1","Purged","4/12/2021","USD","PayPal (Onsite)","","","USA, Pennsylvania",
"16030924","4/10/2021","jekleckner","USD","$4.00","","","","","","$2.42","$0.48","$6.90","4","6","Purged","4/14/2021","USD","PayPal (Onsite)","","","USA, Minnesota",
"16013451","4/8/2021","Krlowe0404","USD","$4.00","","","","","","$1.05","$0.06","$5.11","1","1","Purged","4/12/2021","USD","PayPal (Onsite)","","","USA, Virginia",
"16012218","4/8/2021","jcsd5050","USD","$4.55","","","","","","$8.46","$0.00","$13.01","3","117","Purged","4/18/2021","USD","PayPal (Onsite)","","","USA, Kansas",
"15990429","4/6/2021","lizabeth23","USD","$4.00","","","","","","$8.40","$0.00","$12.40","2","2","Purged","4/12/2021","USD","PayPal (Onsite)","","","USA, North Dakota",
"15976402","4/4/2021","Connontationguy","USD","$4.00","","","","","","$1.43","$0.00","$5.43","4","4","Purged","4/7/2021","USD","PayPal (Onsite)","","","USA, Florida",
"15975852","4/4/2021","kvanfrank","USD","$4.00","","","","","","$9.55","$0.00","$13.55","3","3","Purged","5/4/2021","USD","PayPal (Onsite)","","","USA, Florida",
"15966720","4/3/2021","Aunt_Sara","USD","$4.00","","","","","","$9.15","$0.57","$13.72","2","2","Purged","4/5/2021","USD","PayPal (Onsite)","","","USA, Massachusetts",
"15955111","4/2/2021","NancyNazarene","USD","$4.00","","","","","","$3.79","$0.76","$8.55","9","34","Purged","4/2/2021","USD","PayPal (Onsite)","","","USA, Tennessee",
"15952132","4/2/2021","tylerstoyroom","USD","$4.00","","","","","","$5.06","$0.00","$9.06","10","13","Purged","4/8/2021","USD","PayPal (Onsite)","","","USA, Alabama",
"15925925","3/29/2021","atrain.91","USD","$4.00","","","","","","$5.27","$0.81","$10.08","9","12","Purged","9/29/2021","USD","PayPal (Onsite)","","","USA, New York",
"15920511","3/29/2021","jhbrick","USD","$4.00","","","","","","$17.93","$1.32","$23.25","12","29","Purged","4/5/2021","USD","PayPal (Onsite)","","","USA, Michigan",
"15907248","3/27/2021","wolverupp","USD","$4.00","","$1.00","","","","$0.60","$0.12","$5.72","1","1","Purged","4/1/2021","USD","PayPal (Onsite)","","","USA, Utah",
"15901380","3/27/2021","debbaade1","USD","$4.00","","$1.00","","","","$0.76","$0.10","$5.86","3","3","Purged","4/1/2021","USD","PayPal (Onsite)","","","USA, Maine",
"15898099","3/26/2021","gza","USD","$4.00","","","","","","$3.91","$0.50","$8.41","7","7","Purged","4/1/2021","USD","PayPal (Onsite)","","","USA, Connecticut",
"15886802","3/25/2021","Andronox","USD","$4.00","","","","","","$1.70","$0.36","$6.06","8","14","Purged","3/29/2021","USD","PayPal (Onsite)","","","USA, Illinois",
"15878708","3/24/2021","Archimedeas","USD","$5.15","","","","","","$2.00","$0.71","$7.86","1","1","Purged","4/1/2021","USD","PayPal (Onsite)","","","USA, Washington",
"15877426","3/24/2021","DarthRaynor","USD","$4.00","","","","","","$13.82","$0.83","$18.65","16","19","Purged","3/30/2021","USD","PayPal (Onsite)","","","USA, Maryland",
"15869233","3/23/2021","philavd1","USD","$9.50","","","","","","$8.25","$0.00","$17.75","5","8","Purged","4/8/2021","USD","PayPal (Onsite)","","","Canada, British Columbia",
"15863449","3/22/2021","mcballin32","USD","$4.00","","$1.00","","","","$0.53","$0.44","$5.97","1","1","Purged","3/30/2021","USD","PayPal (Onsite)","","","USA, New York",
"15844306","3/21/2021","ANFRICKE20","USD","$14.75","","","","","","$40.80","$0.00","$55.55","29","74","Purged","4/6/2021","USD","PayPal (Onsite)","","","USA, Colorado",
"15821938","3/18/2021","McLego1984","USD","$4.00","","","","","","$9.46","$0.74","$14.20","17","48","Purged","3/24/2021","USD","PayPal (Onsite)","","","USA, Wisconsin",
"15821390","3/18/2021","Kreesh117","USD","$4.00","","","","","","$5.50","$0.33","$9.83","1","1","Purged","3/18/2021","USD","PayPal (Onsite)","","","USA, Idaho",
"15813936","3/17/2021","RalseiTree","USD","$4.00","","","","","","$2.31","$0.12","$6.43","1","3","Purged","3/18/2021","USD","PayPal (Onsite)","","","USA, Virginia",
"15809229","3/17/2021","jamraz","USD","$4.00","","","","","","$13.45","$1.05","$18.50","3","3","Purged","4/5/2021","USD","PayPal (Onsite)","","","USA, West Virginia",
"15805463","3/16/2021","Builderjim","USD","$4.00","","","","","","$1.80","$0.00","$5.80","1","1","Purged","3/20/2021","USD","PayPal (Onsite)","","","USA, Florida",
"15801285","3/16/2021","Whomprat","USD","$4.00","","","","","","$14.36","$1.17","$19.53","32","120","Purged","3/22/2021","USD","PayPal (Onsite)","","","USA, Connecticut",
"15788214","3/14/2021","jackrc789","USD","$4.00","","","","","","$3.66","$0.52","$8.18","2","2","Purged","3/15/2021","USD","PayPal (Onsite)","","","USA, North Carolina",
"15788004","3/14/2021","jfksdca","USD","$4.00","","","","","","$13.75","$1.07","$18.82","4","4","Purged","5/20/2021","USD","PayPal (Onsite)","","","USA, California",
"15706018","3/6/2021","lalstleviathan","USD","$4.00","","","","","","$10.15","$0.78","$14.93","5","5","Purged","3/8/2021","USD","PayPal (Onsite)","","","USA, Wisconsin",
"15703749","3/5/2021","teegerstorms","USD","$4.00","","","","","","$3.72","$0.64","$8.36","3","39","Purged","3/6/2021","USD","PayPal (Onsite)","","","USA, Texas",
"15701279","3/5/2021","nomi8201","USD","$4.00","","","","","","$6.71","$0.00","$10.71","14","47","Purged","3/6/2021","USD","PayPal (Onsite)","","","USA, Mississippi",
"15694825","3/4/2021","Logimon","USD","$4.00","","","","","","$12.02","$1.20","$17.22","6","10","Purged","3/9/2021","USD","PayPal (Onsite)","","","USA, California",
"15694371","3/4/2021","71skid36H","USD","$4.00","","","","","","$13.11","$0.00","$17.11","4","5","Purged","3/9/2021","USD","PayPal (Onsite)","","","USA, New Hampshire",
"15692561","3/4/2021","asc1uk","USD","$11.75","","","","","","$24.12","$0.00","$35.87","6","6","Purged","3/15/2021","USD","PayPal (Onsite)","","","United Kingdom, England",
"15652587","2/28/2021","ACrypto777","USD","$4.00","","$1.00","","","","$0.18","$0.08","$5.26","1","2","Purged","3/1/2021","USD","PayPal (Onsite)","","","USA, Maryland",
"15643490","2/27/2021","dbjv1995","USD","$4.00","","","","","","$12.45","$1.09","$17.54","4","9","Purged","3/6/2021","USD","PayPal (Onsite)","","","USA, California",
"15642134","2/27/2021","pensfan83","USD","$4.00","","","","","","$1.40","$0.41","$5.81","1","2","Purged","3/9/2021","USD","PayPal (Onsite)","","","USA, Ohio",
"15613528","2/24/2021","estherbsuper","USD","$4.00","","","","","","$4.00","$0.22","$8.22","1","4","Purged","2/25/2021","USD","PayPal (Onsite)","","","USA, Maine",
"15523723","2/15/2021","Bornaninjaturtl","USD","$4.00","","","","","","$3.30","$0.60","$7.90","4","4","Purged","2/20/2021","USD","PayPal (Onsite)","","","USA, Texas",
"15504068","2/13/2021","jepaz","USD","$4.55","","","","","","$14.18","$0.79","$19.52","33","94","Purged","2/26/2021","USD","PayPal (Onsite)","","","USA, Arizona",
"15502709","2/13/2021","Lawgo","USD","$4.00","","$1.00","","","","$0.60","$0.14","$5.74","1","2","Purged","2/16/2021","USD","PayPal (Onsite)","","","USA, Oklahoma",
"15500716","2/13/2021","yegads","USD","$4.55","","","","","","$10.95","$1.00","$16.50","1","73","Purged","2/24/2021","USD","PayPal (Onsite)","","","USA, California",
"15499847","2/13/2021","OscarTheGreat","USD","$4.00","","","","","","$3.00","$0.00","$7.00","1","1","Purged","3/10/2021","USD","PayPal (Onsite)","","","USA, New Hampshire",
"15493669","2/12/2021","Mando66","USD","$4.00","","","","","","$1.81","$0.35","$6.16","6","24","Purged","3/14/2021","USD","PayPal (Onsite)","","","USA, Michigan",
"15485461","2/11/2021","Kyron","USD","$4.00","","","","","","$2.96","$0.27","$7.23","4","13","Purged","2/12/2021","USD","PayPal (Onsite)","","","USA, California",
"15475667","2/10/2021","bb1593262","USD","$4.00","","","","","","$3.05","$0.42","$7.47","1","1","Purged","2/12/2021","USD","PayPal (Onsite)","","","USA, Michigan",
"15475483","2/10/2021","Matthew.Beck_97","USD","$4.00","","","","","","$1.35","$0.44","$5.79","1","1","Purged","2/12/2021","USD","PayPal (Onsite)","","","USA, Texas",
"15462483","2/9/2021","Dogboy99","USD","$4.00","","","","","","$13.69","$1.55","$19.24","6","8","Purged","2/16/2021","USD","PayPal (Onsite)","","","USA, New York",
"15454931","2/8/2021","laceygill78","USD","$4.00","","","","","","$2.50","$0.21","$6.71","4","7","Purged","2/13/2021","USD","PayPal (Onsite)","","","USA, California",
"15444564","2/7/2021","Emilio101506","USD","$4.00","","","","","","$1.60","$0.10","$5.70","2","23","Purged","2/8/2021","USD","PayPal (Onsite)","","","USA, Virginia",
"15443575","2/7/2021","ninjago85","USD","$4.00","","","","","","$3.37","$0.72","$8.09","10","27","Purged","2/10/2021","USD","PayPal (Onsite)","","","USA, Tennessee",
"15442254","2/7/2021","lrsando","USD","$4.00","","","","","","$3.00","$0.18","$7.18","1","1","Purged","2/17/2021","USD","PayPal (Onsite)","","","USA, Idaho",
"15438218","2/7/2021","wgeorge139","USD","$4.00","","","","","","$1.00","$0.34","$5.34","1","4","Purged","3/4/2021","USD","PayPal (Onsite)","","","USA, Ohio",
"15435855","2/7/2021","mvolpe7111","USD","$4.00","","","","","","$3.55","$0.63","$8.18","1","1","Purged","7/8/2021","USD","PayPal (Onsite)","","","USA, New York",
"15426719","2/6/2021","Lvpicha","USD","$4.55","","","","","","$25.36","$2.21","$32.12","9","75","Purged","2/15/2021","USD","PayPal (Onsite)","","","USA, Minnesota",
"15421136","2/5/2021","Jano.garrgmail","USD","$4.00","","$1.00","","","","$0.90","$0.36","$6.26","1","15","Purged","2/23/2021","USD","PayPal (Onsite)","","","USA, Pennsylvania",
"15417900","2/5/2021","dthorpee","USD","$8.00","","","","","","$7.55","$1.13","$16.68","7","9","Purged","2/11/2021","USD","PayPal (Onsite)","","","USA, North Carolina",
"15412230","2/4/2021","LegoVillain","USD","$4.00","","$1.00","","","","$0.45","$0.41","$5.86","1","1","Purged","2/8/2021","USD","PayPal (Onsite)","","","USA, North Carolina",
"15411601","2/4/2021","insertusername2","USD","$4.00","","","","","","$5.45","$0.50","$9.95","12","32","Purged","2/9/2021","USD","PayPal (Onsite)","","","USA, California",
"15407696","2/4/2021","Enlindsey","USD","$5.45","","","","","","$3.50","$0.00","$8.95","1","1","Purged","2/18/2021","USD","PayPal (Onsite)","","","USA, Missouri",
"15407125","2/4/2021","Golbez138","USD","$4.00","","","","","","$5.00","$0.70","$9.70","1","1","Purged","2/26/2021","USD","PayPal (Onsite)","","","USA, Ohio",
"15406551","2/4/2021","Sandmanlive","USD","$4.00","","","","","","$11.98","$0.96","$16.94","36","112","Purged","2/9/2021","USD","PayPal (Onsite)","","","USA, Pennsylvania",
"15403367","2/4/2021","unimaginativeID","USD","$4.00","","","","","","$2.40","$0.22","$6.62","1","4","Purged","2/8/2021","USD","PayPal (Onsite)","","","USA, California",
"15398376","2/3/2021","ralphs_bricks","USD","$4.00","","","","","","$34.08","$3.05","$41.13","14","40","Purged","2/26/2021","USD","PayPal (Onsite)","","","USA, New York",
"15391261","2/2/2021","bb2058798","USD","$4.00","","","","","","$5.74","$0.34","$10.08","15","24","Purged","2/3/2021","USD","PayPal (Onsite)","","","USA, Virginia",
"15390237","2/2/2021","grams234","USD","$4.00","","","","","","$4.95","$0.00","$8.95","1","1","Purged","2/6/2021","USD","PayPal (Onsite)","","","USA, Kansas",
"15383797","2/2/2021","RITZMANN","USD","$24.95","","","","","","$43.19","$0.00","$68.14","14","19","Purged","3/9/2021","USD","PayPal (Onsite)","","","France, Occitanie",
"15369333","1/31/2021","DougD","USD","$5.15","","","","","","$88.52","$6.56","$100.23","52","175","Purged","2/1/2021","USD","PayPal (Onsite)","","","USA, Indiana",
"15369029","1/31/2021","Jojo0104","USD","$4.00","","","","","","$4.35","$0.43","$8.78","1","1","Purged","5/14/2021","USD","PayPal (Onsite)","","","USA, New Mexico",
"15362006","1/31/2021","Wabbit","USD","$4.00","","","","","","$11.73","$0.81","$16.54","20","42","Purged","2/13/2021","USD","PayPal (Onsite)","","","USA, New Mexico",
"15358039","1/31/2021","bb2054685","USD","$5.15","","","","","","$8.81","$0.84","$14.80","8","60","Purged","2/4/2021","USD","PayPal (Onsite)","","","USA, Georgia",
"15356449","1/30/2021","twepps","USD","$4.00","","$1.00","","","","$0.55","$0.51","$6.06","1","1","Purged","4/17/2021","USD","PayPal (Onsite)","","","USA, Tennessee",
"15354087","1/30/2021","Enlindsey","USD","$7.85","","","","","","$3.50","$0.00","$11.35","1","1","Cancelled","1/30/2021","USD","PayPal (Onsite)","","","USA, Missouri",
"15353466","1/30/2021","swikaderu","USD","$4.00","","","","","","$3.50","$0.00","$7.50","1","2","Purged","2/5/2021","USD","PayPal (Onsite)","","","USA, Kansas",
"15353338","1/30/2021","Drano2007","USD","$4.00","","","","","","$5.50","$0.67","$10.17","1","1","Purged","2/1/2021","USD","PayPal (Onsite)","","","USA, Indiana",
"15344800","1/29/2021","mlayman013","USD","$4.00","","","","","","$6.61","$0.00","$10.61","2","3","Purged","2/3/2021","USD","PayPal (Onsite)","","","USA, Colorado",
"15343546","1/29/2021","joheho","USD","$4.00","","","","","","$6.63","$0.36","$10.99","3","10","Purged","2/1/2021","USD","PayPal (Onsite)","","","USA, Maine",
"15315403","1/26/2021","dylangroleau","USD","$4.00","","","","","","$3.50","$0.00","$7.50","2","6","Purged","1/30/2021","USD","PayPal (Onsite)","","","USA, Oregon",
"15314373","1/26/2021","bb1662994","USD","$4.00","","","","","","$3.25","$0.51","$7.76","1","1","Purged","2/18/2021","USD","PayPal (Onsite)","","","USA, Vermont",
"15297619","1/25/2021","bb2065637","USD","$4.00","","$1.00","","","","$0.58","$0.00","$5.58","3","3","Purged","1/25/2021","USD","PayPal (Onsite)","","","USA, New Hampshire",
"15293440","1/24/2021","PookaKnight","USD","$4.00","","","","","","$3.47","$0.71","$8.18","10","22","Purged","1/29/2021","USD","PayPal (Onsite)","","","USA, Tennessee",
"15293328","1/24/2021","jer198755","USD","$4.00","","","","","","$11.08","$1.02","$16.10","11","23","Purged","2/1/2021","USD","PayPal (Onsite)","","","USA, North Carolina",
"15288675","1/24/2021","folmcraft","USD","$5.15","","","","","","$23.06","$0.00","$28.21","38","134","Purged","2/10/2021","USD","PayPal (Onsite)","","","USA, APO/FPO",
"15279138","1/23/2021","kfr01","USD","$4.00","","$1.00","","","","$0.15","$0.28","$5.43","1","15","Purged","1/31/2021","USD","PayPal (Onsite)","","","USA, Wisconsin",
"15274756","1/23/2021","bb612821","USD","$4.00","","","","","","$20.97","$1.84","$26.81","4","4","Purged","1/23/2021","USD","PayPal (Onsite)","","","USA, Minnesota",
"15271822","1/23/2021","tyoregon","USD","$5.15","","","","","","$12.51","$0.00","$17.66","17","37","Purged","1/31/2021","USD","PayPal (Onsite)","","","USA, Oregon",
"15267630","1/22/2021","theheavymetalne","USD","$4.00","","","","","","$1.65","$0.00","$5.65","1","1","Purged","1/23/2021","USD","PayPal (Onsite)","","","USA, Missouri",
"15267527","1/22/2021","MegaMatt64","USD","$4.00","","","","","","$5.50","$0.40","$9.90","1","1","Purged","1/23/2021","USD","PayPal (Onsite)","","","USA, California",
"15262023","1/22/2021","Ankersen","USD","$4.00","","","","","","$3.11","$0.55","$7.66","9","33","Purged","1/26/2021","USD","PayPal (Onsite)","","","USA, Washington",
"15260618","1/21/2021","Doncat618","USD","$4.00","","","","","","$3.14","$0.45","$7.59","1","1","Purged","1/29/2021","USD","PayPal (Onsite)","","","USA, Illinois",
"15260107","1/21/2021","Grungy","USD","$4.00","","","","","","$4.63","$0.71","$9.34","3","6","Purged","2/3/2021","USD","PayPal (Onsite)","","","USA, Texas",
"15258011","1/21/2021","Andres13","USD","$4.00","","","","","","$6.30","$0.61","$10.91","1","42","Purged","1/22/2021","USD","PayPal (Onsite)","","","USA, California",
"15255081","1/21/2021","mrlego216","USD","$4.00","","$1.00","","","","$0.10","$0.36","$5.46","1","2","Purged","2/2/2021","USD","PayPal (Onsite)","","","USA, Indiana",
"15254537","1/21/2021","Dolfan413","USD","$4.00","","","","","","$5.45","$0.60","$10.05","1","1","Purged","1/28/2021","USD","PayPal (Onsite)","","","USA, Connecticut",
"15245858","1/20/2021","Brickaddict2020","USD","$4.00","","","","","","$5.95","$0.70","$10.65","4","12","Purged","1/26/2021","USD","PayPal (Onsite)","","","USA, South Carolina",
"15237296","1/19/2021","Matt543","USD","$4.00","","$1.00","","","","$0.66","$0.00","$5.66","3","6","Purged","2/9/2021","USD","PayPal (Onsite)","","","USA, Florida",
"15231829","1/19/2021","tyoregon","USD","$4.60","","","","","","$22.33","$0.00","$26.93","45","73","Purged","1/31/2021","USD","PayPal (Onsite)","","","USA, Oregon",
"15230378","1/18/2021","bjarashow","USD","$4.60","","","","","","$26.91","$1.62","$33.13","14","26","Purged","1/24/2021","USD","PayPal (Onsite)","","","USA, Maryland",
"15230077","1/18/2021","shipinmike","USD","$5.15","","","","","","$11.64","$1.05","$17.84","26","117","Purged","1/21/2021","USD","PayPal (Onsite)","","","USA, Illinois",
"15219827","1/17/2021","mjfuller","USD","$5.15","","","","","","$23.60","$2.30","$31.05","29","64","Purged","1/25/2021","USD","PayPal (Onsite)","","","USA, New York",
"15207440","1/16/2021","Dallan8287","USD","$4.00","","","","","","$3.50","$0.27","$7.77","1","2","Purged","1/21/2021","USD","PayPal (Onsite)","","","USA, California",
"15187739","1/14/2021","topolski","USD","$4.00","","","","","","$4.12","$0.51","$8.63","4","4","Purged","1/19/2021","USD","PayPal (Onsite)","","","USA, Illinois",
"15178650","1/14/2021","HenryLytton","USD","$4.00","","","","","","$0.99","$0.06","$5.05","4","5","Purged","1/19/2021","USD","PayPal (Onsite)","","","USA, Maryland",
"15173992","1/13/2021","cheeserex","USD","$4.00","","$1.00","","","","$4.60","$0.67","$10.27","1","20","Purged","1/13/2021","USD","PayPal (Onsite)","","","USA, Rhode Island",
"15172943","1/13/2021","jdz308","USD","$4.00","","","","","","$12.00","$0.96","$16.96","1","2","Purged","2/17/2021","USD","PayPal (Onsite)","","","USA, Pennsylvania",
"15167815","1/12/2021","esporth","USD","$4.60","","","","","","$20.25","$0.00","$24.85","3","3","Purged","1/31/2021","USD","PayPal (Onsite)","","","USA, Alabama",
"15119017","1/8/2021","Colbywinner","USD","$4.00","","","","","","$9.00","$0.91","$13.91","1","1","Purged","1/8/2021","USD","PayPal (Onsite)","","","USA, South Carolina",
"15117559","1/8/2021","ravpug","USD","$4.00","","","","","","$12.08","$1.33","$17.41","9","17","Purged","2/1/2021","USD","PayPal (Onsite)","","","USA, Texas",
"15110558","1/7/2021","nmaclane09","USD","$4.00","","","","","","$2.67","$0.53","$7.20","12","28","Purged","1/11/2021","USD","PayPal (Onsite)","","","USA, New York",
"15080087","1/4/2021","ozkenny","USD","$4.00","","","","","","$6.64","$0.51","$11.15","10","15","Purged","1/13/2021","USD","PayPal (Onsite)","","","USA, California",
"15073115","1/3/2021","memotiburcio","USD","$4.00","","","","","","$4.25","$0.68","$8.93","1","1","Purged","3/28/2021","USD","PayPal (Onsite)","","","USA, Texas",
"15063323","1/2/2021","bubajones","USD","$4.00","","","","","","$2.50","$0.54","$7.04","1","1","Purged","1/7/2021","USD","PayPal (Onsite)","","","USA, Texas",
"15052346","1/1/2021","Susie20","USD","$4.00","","","","","","$0.15","$0.01","$4.16","1","1","Purged","1/2/2021","USD","PayPal (Onsite)","","","USA, California",
